,mileage,make,model,fuel,gear,offerType,price,hp,year,carType
313,33000,Renault,ZOE,Electric,Automatic,Used,8495,58.0,2016,EV
546,10,Hyundai,Ioniq,Electric,Manual,Demonstration,27670,120.0,2019,EV
777,9190,Volkswagen,ID.3,Electric,Automatic,Used,34920,204.0,2020,EV
791,1500,Volvo,XC40,Electric,Automatic,Demonstration,64890,408.0,2021,EV
796,1000,Volvo,XC40,Electric,Automatic,Demonstration,69880,408.0,2021,EV
918,20000,Peugeot,iOn,Electric,Automatic,Used,8815,67.0,2016,EV
977,20411,smart,forTwo,Electric,Automatic,Used,11749,82.0,2019,EV
1008,10,Renault,ZOE,Electric,Automatic,Used,15990,109.0,2021,EV
1087,32900,Renault,ZOE,Electric,Automatic,Used,6250,58.0,2014,EV
1192,5477,BMW,i3,Electric,Automatic,Used,25860,170.0,2019,EV
1402,20,Mazda,MX-30,Electric,Automatic,Pre-registered,22495,145.0,2020,EV
1811,12500,Audi,e-tron,Electric,Automatic,Demonstration,85690,408.0,2020,EV
2048,3000,Mercedes-Benz,EQC 400,Electric,Automatic,Demonstration,69890,197.0,2021,EV
2104,32525,Renault,Kangoo,Electric,Automatic,Used,4999,60.0,2012,EV
2156,86268,Renault,ZOE,Electric,Automatic,Used,6490,58.0,2015,EV
2237,16624,Kia,Soul,Electric,Automatic,Demonstration,31990,204.0,2019,EV
2253,2691,Opel,Corsa,Electric,Automatic,Used,21950,136.0,2020,EV
2274,3721,Hyundai,Kona,Electric,Automatic,Demonstration,44491,204.0,2021,EV
2276,0,Hyundai,Kona,Electric,Manual,Used,44750,204.0,2021,EV
2284,1000,Opel,Zafira Life,Electric,Automatic,Used,47650,136.0,2021,EV
2374,55000,Renault,ZOE,Electric,Automatic,Used,6300,58.0,2015,EV
2466,3418,Volkswagen,ID.3,Electric,Automatic,Used,35390,204.0,2020,EV
2470,9999,Volkswagen,ID.3,Electric,Automatic,Demonstration,35555,204.0,2020,EV
2475,2080,Volkswagen,ID.3,Electric,Automatic,Employee's car,35990,204.0,2020,EV
2811,46900,Renault,ZOE,Electric,Automatic,Used,6690,88.0,2016,EV
2817,26200,Renault,ZOE,Electric,Automatic,Used,6750,58.0,2016,EV
2882,2000,Opel,Zafira Life,Electric,Manual,Demonstration,47490,136.0,2020,EV
2903,1500,Skoda,Enyaq,Electric,Manual,Demonstration,57460,204.0,2021,EV
3031,19990,Renault,ZOE,Electric,Automatic,Used,8990,88.0,2016,EV
3220,37985,Renault,ZOE,Electric,Automatic,Used,7988,92.0,2015,EV
3241,58390,Renault,ZOE,Electric,Automatic,Used,6888,92.0,2016,EV
3315,8900,Tesla,Model 3,Electric,Automatic,Used,54988,513.0,2019,EV
3744,1100,Volkswagen,Golf,Electric,Automatic,Used,24490,136.0,2019,EV
4005,2500,Volvo,XC40,Electric,Automatic,Demonstration,64890,408.0,2021,EV
4221,25,MINI,Cooper SE,Electric,Automatic,Demonstration,37980,184.0,2021,EV
4300,43500,Renault,Kangoo,Electric,Automatic,Used,11500,60.0,2014,EV
4398,15670,smart,forTwo,Electric,Automatic,Used,12990,82.0,2019,EV
4496,49900,Renault,ZOE,Electric,Automatic,Used,6690,58.0,2013,EV
4501,68000,Renault,ZOE,Electric,Automatic,Used,6750,88.0,2014,EV
4551,23500,Renault,ZOE,Electric,Automatic,Used,6950,58.0,2016,EV
4809,11023,smart,forTwo,Electric,Automatic,Used,10490,82.0,2018,EV
4810,5515,smart,forTwo,Electric,Automatic,Used,10490,82.0,2018,EV
4827,10988,Renault,ZOE,Electric,Automatic,Used,11975,92.0,2019,EV
4828,17800,Renault,ZOE,Electric,Automatic,Used,11975,88.0,2019,EV
5112,45740,Volkswagen,up!,Electric,Automatic,Used,10450,82.0,2013,EV
5140,10,Nissan,Leaf,Electric,Automatic,Used,10850,109.0,2014,EV
5163,59000,Nissan,Leaf,Electric,Automatic,Used,11990,109.0,2015,EV
5230,15990,Audi,e-tron,Electric,Automatic,Used,63940,408.0,2019,EV
5251,7150,SEAT,Mii,Electric,Automatic,Used,16440,83.0,2020,EV
5497,2966,Skoda,Enyaq,Electric,Automatic,Demonstration,51280,204.0,2021,EV
5579,41721,Renault,ZOE,Electric,Automatic,Used,6850,58.0,2015,EV
5693,1500,Volvo,XC40,Electric,Automatic,Demonstration,64890,408.0,2021,EV
5700,100,Ford,Mustang,Electric,Automatic,Demonstration,69980,337.0,2021,EV
5797,41721,Renault,ZOE,Electric,Automatic,Used,6850,58.0,2015,EV
6181,42500,smart,forTwo,Electric,Automatic,Used,6900,48.0,2014,EV
6203,58599,Renault,ZOE,Electric,Automatic,Used,7440,88.0,2015,EV
6224,46950,Renault,ZOE,Electric,Automatic,Used,7000,58.0,2016,EV
6340,900,Peugeot,208,Electric,Automatic,Demonstration,32500,77.0,2021,EV
6384,35400,Nissan,Leaf,Electric,Automatic,Used,8998,109.0,2013,EV
6455,12812,Renault,ZOE,Electric,Automatic,Used,9975,92.0,2016,EV
6458,13500,Renault,ZOE,Electric,Automatic,Used,7900,88.0,2017,EV
6491,24200,Renault,ZOE,Electric,Automatic,Used,10990,92.0,2018,EV
6503,7600,Renault,ZOE,Electric,Automatic,Demonstration,12250,58.0,2019,EV
6504,10153,smart,forFour,Electric,Automatic,Used,12270,82.0,2019,EV
6834,64000,BMW,i3,Electric,Automatic,Used,12150,102.0,2015,EV
6863,47500,Volkswagen,up!,Electric,Automatic,Used,10990,82.0,2016,EV
6884,34900,smart,forTwo,Electric,Automatic,Used,8999,82.0,2017,EV
6885,34900,smart,forTwo,Electric,Automatic,Used,8999,82.0,2017,EV
6886,34900,smart,forTwo,Electric,Automatic,Used,8999,82.0,2017,EV
6899,36552,smart,forFour,Electric,Automatic,Used,9190,82.0,2018,EV
7092,19700,Renault,ZOE,Electric,Automatic,Used,8995,92.0,2017,EV
7093,9685,Renault,ZOE,Electric,Automatic,Used,8995,92.0,2017,EV
7094,19410,Renault,ZOE,Electric,Automatic,Used,8995,92.0,2017,EV
7126,14060,smart,forTwo,Electric,Automatic,Used,9250,56.0,2018,EV
7154,770,Mazda,MX-30,Electric,Automatic,Demonstration,27990,110.0,2020,EV
7338,19500,Kia,Niro,Electric,Automatic,Demonstration,42990,204.0,2019,EV
7379,1100,Audi,e-tron,Electric,Automatic,Used,176980,598.0,2021,EV
7517,15558,Volkswagen,Golf,Electric,Automatic,Used,16555,116.0,2017,EV
7581,180,Opel,Zafira Life,Electric,Automatic,Used,41990,136.0,2020,EV
7683,57300,Volkswagen,Golf,Electric,Automatic,Used,13390,116.0,2014,EV
7697,20540,Volkswagen,up!,Electric,Automatic,Used,11850,82.0,2015,EV
7800,5000,smart,forFour,Electric,Automatic,Demonstration,14949,82.0,2020,EV
7804,20,Renault,Twingo,Electric,Automatic,Demonstration,17490,83.0,2021,EV
7911,63900,Renault,ZOE,Electric,Automatic,Used,7775,58.0,2015,EV
7936,52661,Renault,ZOE,Electric,Automatic,Used,7500,92.0,2016,EV
7939,44599,Renault,ZOE,Electric,Automatic,Used,7540,88.0,2016,EV
7942,34124,Renault,ZOE,Electric,Automatic,Used,7590,88.0,2016,EV
8013,4500,Mazda,MX-30,Electric,Automatic,Demonstration,24140,110.0,2020,EV
8023,10,Fiat,500e,Electric,Automatic,Pre-registered,33994,117.0,2021,EV
8024,10,Mazda,MX-30,Electric,Automatic,Demonstration,34990,110.0,2021,EV
8027,3000,Skoda,Enyaq,Electric,Automatic,Used,49890,204.0,2021,EV
8393,156,Hyundai,Ioniq,Electric,Automatic,Used,22990,120.0,2019,EV
8530,22000,Nissan,Leaf,Electric,Automatic,Used,12900,109.0,2015,EV
8572,66300,Renault,ZOE,Electric,Automatic,Used,9350,58.0,2017,EV
8586,31000,smart,forTwo,Electric,Automatic,Used,9699,82.0,2017,EV
8588,18190,smart,forFour,Electric,Automatic,Used,9590,82.0,2018,EV
8595,19082,smart,forFour,Electric,Automatic,Used,9790,82.0,2018,EV
8713,128782,Volkswagen,Golf,Electric,Automatic,Used,11689,116.0,2014,EV
8750,22217,Volkswagen,up!,Electric,Automatic,Used,9990,82.0,2016,EV
8920,57051,Renault,ZOE,Electric,Automatic,Used,6600,58.0,2014,EV
9064,10,smart,forTwo,Electric,Automatic,Demonstration,20299,56.0,2021,EV
9068,10,smart,forTwo,Electric,Automatic,Pre-registered,21877,56.0,2021,EV
9121,55000,smart,forTwo,Electric,Automatic,Used,6099,75.0,2013,EV
9178,63257,Volkswagen,Golf,Electric,Automatic,Used,18480,136.0,2017,EV
9400,14425,Renault,ZOE,Electric,Automatic,Used,8880,92.0,2017,EV
9401,22020,Renault,ZOE,Electric,Automatic,Used,8890,92.0,2017,EV
9413,9000,Renault,ZOE,Electric,Automatic,Demonstration,14352,109.0,2019,EV
9535,36999,Renault,ZOE,Electric,Automatic,Used,7540,88.0,2014,EV
9557,11399,Renault,ZOE,Electric,Automatic,Used,7940,88.0,2015,EV
9564,41899,Renault,ZOE,Electric,Automatic,Used,7990,88.0,2015,EV
9572,49550,Renault,ZOE,Electric,Automatic,Used,7699,58.0,2016,EV
9588,17500,Peugeot,iOn,Electric,Automatic,Used,10450,48.0,2017,EV
9592,19000,Renault,ZOE,Electric,Automatic,Used,10990,92.0,2017,EV
9594,20406,Renault,ZOE,Electric,Automatic,Used,11480,92.0,2017,EV
9644,2000,Mazda,MX-30,Electric,Automatic,Demonstration,24999,110.0,2020,EV
9794,50,Renault,ZOE,Electric,Automatic,Used,11940,58.0,2018,EV
9869,3100,smart,forFour,Electric,Automatic,Used,16850,82.0,2021,EV
9922,58181,Nissan,Leaf,Electric,Automatic,Used,9240,109.0,2013,EV
9974,11410,Renault,ZOE,Electric,Automatic,Used,7990,58.0,2016,EV
10229,3107,smart,forFour,Electric,Automatic,Used,9990,82.0,2017,EV
10355,9790,Volkswagen,up!,Electric,Automatic,Used,12730,82.0,2013,EV
10427,24024,smart,forTwo,Electric,Automatic,Used,9777,82.0,2017,EV
10618,52800,smart,forTwo,Electric,Automatic,Used,7290,48.0,2015,EV
10680,9822,Jaguar,I-Pace,Electric,Automatic,Used,58450,400.0,2019,EV
10900,3000,Zhidou,D2S,Electric,Automatic,Demonstration,12500,24.0,2019,EV
10951,1500,Hyundai,Ioniq,Electric,Automatic,Demonstration,27790,136.0,2021,EV
11249,54068,Renault,ZOE,Electric,Automatic,Used,7990,92.0,2015,EV
11256,58200,Renault,ZOE,Electric,Automatic,Used,7998,58.0,2015,EV
11257,58200,Renault,ZOE,Electric,Automatic,Used,7998,58.0,2015,EV
11288,29999,Renault,ZOE,Electric,Automatic,Used,7900,88.0,2016,EV
11455,22334,Volkswagen,up!,Electric,Automatic,Used,11405,82.0,2014,EV
11539,36861,Renault,ZOE,Electric,Automatic,Used,12575,92.0,2018,EV
11548,3990,Mazda,MX-30,Electric,Automatic,Used,21900,145.0,2020,EV
11563,10,Renault,Twingo,Electric,Automatic,Used,16975,82.0,2021,EV
11748,17900,Mercedes-Benz,EQC 400,Electric,Automatic,Used,62950,408.0,2019,EV
11877,8500,Nissan,Leaf,Electric,Automatic,Used,12950,109.0,2014,EV
11942,27465,smart,forFour,Electric,Automatic,Used,10490,82.0,2018,EV
11944,14878,smart,forFour,Electric,Automatic,Used,10490,82.0,2018,EV
11969,13100,smart,forFour,Electric,Automatic,Used,10590,82.0,2019,EV
12152,17593,Renault,ZOE,Electric,Automatic,Used,9995,92.0,2017,EV
12197,870,Volkswagen,ID.3,Electric,Automatic,Used,34400,204.0,2020,EV
12199,8450,Volkswagen,ID.3,Electric,Automatic,Used,34450,204.0,2020,EV
12202,1950,Volkswagen,ID.3,Electric,Automatic,Used,34550,204.0,2020,EV
12293,41593,Renault,ZOE,Electric,Automatic,Used,6900,58.0,2014,EV
12406,20459,Volkswagen,up!,Electric,Automatic,Used,15975,83.0,2019,EV
12419,6000,Opel,Ampera,Electric,Automatic,Used,26950,204.0,2020,EV
12428,10,Hyundai,Ioniq,Electric,Automatic,Demonstration,27350,120.0,2020,EV
12764,22165,Volkswagen,up!,Electric,Automatic,Used,12990,82.0,2015,EV
12767,40000,Volkswagen,up!,Electric,Automatic,Used,12990,82.0,2015,EV
12779,18800,Peugeot,Partner,Electric,Automatic,Used,10490,67.0,2016,EV
12832,10347,smart,forTwo,Electric,Automatic,Used,14990,82.0,2019,EV
12978,23499,Renault,ZOE,Electric,Automatic,Used,7990,58.0,2016,EV
12981,41981,Renault,ZOE,Electric,Automatic,Used,7990,88.0,2016,EV
12987,33200,Renault,ZOE,Electric,Automatic,Used,7995,58.0,2016,EV
13020,13000,Renault,ZOE,Electric,Automatic,Used,11990,92.0,2018,EV
13647,21500,smart,forTwo,Electric,Automatic,Used,10999,82.0,2018,EV
13648,21500,smart,forTwo,Electric,Automatic,Used,10999,82.0,2018,EV
13649,21500,smart,forTwo,Electric,Automatic,Used,10999,82.0,2018,EV
14052,23000,Renault,ZOE,Electric,Automatic,Used,7990,58.0,2017,EV
14338,4900,Skoda,Enyaq,Electric,Automatic,Used,47350,204.0,2021,EV
14427,29361,BMW,i3,Electric,Automatic,Used,15950,170.0,2014,EV
14499,23134,smart,forTwo,Electric,Automatic,Used,10990,82.0,2018,EV
14515,15800,Renault,ZOE,Electric,Automatic,Used,15490,72.0,2019,EV
14559,1500,Renault,Twingo,Electric,Automatic,Demonstration,19890,82.0,2021,EV
14678,34281,Renault,ZOE,Electric,Automatic,Used,8230,88.0,2016,EV
14953,9985,Renault,ZOE,Electric,Automatic,Demonstration,13575,109.0,2019,EV
15123,91000,Renault,ZOE,Electric,Automatic,Used,8980,58.0,2017,EV
15124,65000,Renault,ZOE,Electric,Automatic,Used,8980,88.0,2017,EV
15131,40631,Renault,ZOE,Electric,Automatic,Used,8990,58.0,2017,EV
15135,22324,Renault,ZOE,Electric,Automatic,Used,9088,92.0,2017,EV
15385,7239,smart,forTwo,Electric,Automatic,Used,11990,82.0,2019,EV
15420,2400,smart,forFour,Electric,Automatic,Demonstration,16490,82.0,2021,EV
15493,30123,Volkswagen,up!,Electric,Automatic,Used,13223,82.0,2015,EV
15548,19640,Renault,ZOE,Electric,Automatic,Used,10990,92.0,2017,EV
15554,8000,Renault,ZOE,Electric,Automatic,Demonstration,10995,92.0,2018,EV
15555,12990,Renault,ZOE,Electric,Automatic,Demonstration,10995,109.0,2018,EV
15556,17000,Renault,ZOE,Electric,Automatic,Demonstration,10995,92.0,2018,EV
15579,28866,Renault,ZOE,Electric,Automatic,Used,11495,109.0,2019,EV
15591,4100,Volkswagen,ID.3,Electric,Automatic,Demonstration,41450,204.0,2020,EV
15718,19153,Renault,ZOE,Electric,Automatic,Used,7790,58.0,2015,EV
15807,5000,Hyundai,Ioniq,Electric,Automatic,Used,28790,136.0,2020,EV
15808,15,Hyundai,Kona,Electric,Automatic,Demonstration,28850,136.0,2020,EV
15828,7550,Tesla,Model 3,Electric,Automatic,Used,40950,325.0,2021,EV
15937,31940,Renault,ZOE,Electric,Automatic,Used,7950,58.0,2015,EV
15994,35978,Hyundai,Kona,Electric,Automatic,Used,27990,204.0,2018,EV
16345,42955,Renault,Kangoo Z.E.,Electric,Automatic,Used,8490,60.0,2014,EV
16375,37799,Renault,ZOE,Electric,Automatic,Used,8340,88.0,2016,EV
16380,50230,Renault,ZOE,Electric,Automatic,Used,8398,58.0,2016,EV
16381,50230,Renault,ZOE,Electric,Automatic,Used,8398,58.0,2016,EV
16620,14577,Renault,ZOE,Electric,Manual,Demonstration,10660,92.0,2017,EV
16652,10433,smart,forFour,Electric,Automatic,Used,13790,82.0,2019,EV
16677,8954,Renault,ZOE,Electric,Automatic,Used,12775,92.0,2020,EV
16852,34852,smart,forFour,Electric,Automatic,Used,9440,56.0,2018,EV
16887,4904,Audi,e-tron,Electric,Automatic,Employee's car,59980,215.0,2020,EV
16972,97987,Tesla,Model S,Electric,Automatic,Used,29199,306.0,2013,EV
17002,31690,Volkswagen,up!,Electric,Automatic,Used,9940,82.0,2015,EV
17057,20500,Volkswagen,Golf,Electric,Automatic,Used,17440,116.0,2017,EV
17107,3800,SEAT,Mii,Electric,Automatic,Used,15840,83.0,2020,EV
17270,33200,Volkswagen,Golf,Electric,Automatic,Used,19666,136.0,2017,EV
17314,11310,Volkswagen,Golf,Electric,Automatic,Used,20980,136.0,2019,EV
17456,23407,Renault,ZOE,Electric,Automatic,Used,7990,58.0,2016,EV
17502,42112,smart,forTwo,Electric,Automatic,Used,10779,82.0,2018,EV
17520,11845,Renault,ZOE,Electric,Automatic,Used,10990,72.0,2019,EV
17564,5,SEAT,Mii,Electric,Automatic,Demonstration,14290,83.0,2021,EV
17634,36867,Renault,ZOE,Electric,Automatic,Used,9250,58.0,2014,EV
17728,23000,smart,forFour,Electric,Manual,Used,12888,82.0,2018,EV
17735,53500,Renault,ZOE,Electric,Automatic,Used,9990,58.0,2019,EV
17770,1111,SEAT,Mii,Electric,Automatic,Demonstration,17280,83.0,2020,EV
18030,66500,Peugeot,iOn,Electric,Automatic,Used,6450,48.0,2012,EV
18073,35501,Renault,ZOE,Electric,Manual,Used,7560,58.0,2014,EV
18103,65000,BMW,i3,Electric,Automatic,Used,14999,102.0,2015,EV
18147,12400,Volkswagen,up!,Electric,Automatic,Used,12960,82.0,2017,EV
18189,1005,Renault,Twizy,Electric,Automatic,Demonstration,10070,11.0,2020,EV
18417,20,Ford,Mustang,Electric,Manual,Pre-registered,58440,294.0,2021,EV
18485,15331,Renault,Kangoo Z.E.,Electric,Automatic,Used,8990,60.0,2014,EV
18494,28844,Renault,ZOE,Electric,Automatic,Used,7900,92.0,2014,EV
18496,51201,Renault,Kangoo Z.E.,Electric,Automatic,Used,8760,60.0,2014,EV
18526,17185,Renault,ZOE,Electric,Automatic,Used,8990,58.0,2016,EV
18544,51355,Renault,Twizy,Electric,Automatic,Used,4990,5.0,2017,EV
18548,51300,Renault,ZOE,Electric,Automatic,Used,8990,58.0,2017,EV
18550,38637,Renault,Kangoo Z.E.,Electric,Automatic,Used,9990,60.0,2017,EV
18589,6900,Renault,ZOE,Electric,Automatic,Demonstration,11080,58.0,2019,EV
18591,8840,Renault,ZOE,Electric,Automatic,Demonstration,11680,72.0,2019,EV
18592,14500,Renault,ZOE,Electric,Automatic,Demonstration,11680,72.0,2019,EV
18595,12328,Renault,ZOE,Electric,Automatic,Demonstration,13880,69.0,2019,EV
18603,9837,Renault,ZOE,Electric,Automatic,Used,15890,72.0,2019,EV
18609,100,Renault,ZOE,Electric,Automatic,Pre-registered,14180,58.0,2020,EV
18611,100,Renault,ZOE,Electric,Automatic,Pre-registered,14480,58.0,2020,EV
18619,100,Renault,ZOE,Electric,Automatic,Pre-registered,15080,72.0,2020,EV
18731,48500,Nissan,Leaf,Electric,Automatic,Used,14990,109.0,2015,EV
18735,68000,BMW,i3,Electric,Automatic,Used,14999,170.0,2015,EV
18811,11447,smart,forTwo,Electric,Automatic,Used,12470,82.0,2019,EV
18907,42800,BMW,i3,Electric,Automatic,Used,14550,102.0,2014,EV
18908,47610,Opel,Ampera,Electric,Automatic,Used,14600,151.0,2014,EV
18931,15500,Nissan,E-NV200,Electric,Automatic,Used,13980,109.0,2015,EV
19005,12500,Renault,ZOE,Electric,Automatic,Demonstration,11995,72.0,2019,EV
19010,29950,smart,forFour,Electric,Automatic,Used,12490,82.0,2019,EV
19205,8590,Nissan,Leaf,Electric,Automatic,Demonstration,22222,150.0,2019,EV
19210,8409,Hyundai,Kona,Electric,Automatic,Demonstration,29681,136.0,2020,EV
19228,1912,Hyundai,Ioniq,Electric,Automatic,Demonstration,30950,136.0,2020,EV
19234,2100,Polestar,2,Electric,Automatic,Used,64950,408.0,2021,EV
19245,5000,Audi,e-tron,Electric,Automatic,Demonstration,93875,408.0,2021,EV
19536,19584,Volkswagen,up!,Electric,Automatic,Used,11480,82.0,2016,EV
19621,20,Renault,ZOE,Electric,Automatic,Pre-registered,19990,136.0,2021,EV
19745,10000,Renault,ZOE,Electric,Automatic,Used,8500,58.0,2016,EV
19746,6500,Renault,ZOE,Electric,Automatic,Used,8500,58.0,2016,EV
19974,62239,Volkswagen,up!,Electric,Automatic,Used,10977,82.0,2017,EV
19992,19260,smart,forTwo,Electric,Automatic,Used,13690,82.0,2018,EV
20017,7500,Renault,ZOE,Electric,Automatic,Demonstration,13960,58.0,2019,EV
20024,9495,smart,forFour,Electric,Automatic,Used,13990,82.0,2019,EV
20206,16500,smart,forTwo,Electric,Automatic,Used,9769,56.0,2017,EV
20627,11950,Volkswagen,Golf,Electric,Automatic,Used,21720,136.0,2019,EV
20628,9990,Volkswagen,Golf,Electric,Automatic,Used,21940,136.0,2019,EV
20766,15600,Kia,Soul,Electric,Automatic,Used,14980,110.0,2015,EV
20807,27566,Renault,ZOE,Electric,Automatic,Used,11990,58.0,2017,EV
20830,23000,smart,forFour,Electric,Manual,Used,12888,82.0,2018,EV
20833,11867,Renault,ZOE,Electric,Automatic,Used,12990,58.0,2018,EV
20998,71099,Tesla,Model S,Electric,Automatic,Used,54450,772.0,2015,EV
21071,5500,smart,forTwo,Electric,Automatic,Used,18888,82.0,2019,EV
21336,1000,Opel,Mokka,Electric,Automatic,Demonstration,31980,136.0,2021,EV
21337,12,Opel,Corsa,Electric,Automatic,Demonstration,36980,136.0,2021,EV
21340,1450,Opel,Corsa,Electric,Automatic,Demonstration,40048,136.0,2021,EV
21444,77000,BMW,i3,Electric,Automatic,Used,16499,102.0,2016,EV
21462,51700,Nissan,Leaf,Electric,Automatic,Used,13900,109.0,2017,EV
21554,100,Nissan,Leaf,Electric,Automatic,Used,23490,150.0,2021,EV
21877,34853,Renault,Kangoo Z.E.,Electric,Automatic,Used,10990,60.0,2016,EV
21932,15127,Renault,Kangoo Z.E.,Electric,Automatic,Used,15990,60.0,2019,EV
21940,9606,Renault,ZOE,Electric,Automatic,Used,16990,72.0,2019,EV
21954,18349,Renault,ZOE,Electric,Automatic,Used,16990,69.0,2020,EV
21955,15152,Renault,ZOE,Electric,Automatic,Used,16990,69.0,2020,EV
21957,9543,Renault,Kangoo Z.E.,Electric,Automatic,Used,17890,60.0,2020,EV
22017,161300,Renault,Kangoo Z.E.,Electric,Automatic,Used,4300,60.0,2012,EV
22173,1500,Nissan,Leaf,Electric,Automatic,Used,22490,150.0,2020,EV
22190,1000,Hyundai,Ioniq,Electric,Automatic,Demonstration,46880,218.0,2021,EV
22343,8800,smart,forFour,Electric,Automatic,Demonstration,11890,82.0,2018,EV
22347,21500,smart,forTwo,Electric,Automatic,Used,14480,56.0,2018,EV
22349,100,Volkswagen,up!,Electric,Automatic,Used,15250,82.0,2018,EV
22395,16410,Volkswagen,Golf,Electric,Automatic,Employee's car,22870,136.0,2020,EV
22399,11860,Volkswagen,Golf,Electric,Automatic,Used,23740,136.0,2020,EV
22587,1512,Renault,ZOE,Electric,Automatic,Used,15400,69.0,2019,EV
22617,2901,Renault,ZOE,Electric,Automatic,Used,15400,69.0,2020,EV
22692,11601,Nissan,E-NV200,Electric,Automatic,Used,17490,109.0,2015,EV
22789,6523,Renault,ZOE,Electric,Automatic,Demonstration,20562,109.0,2020,EV
22812,50,Mazda,MX-30,Electric,Manual,Demonstration,21990,110.0,2021,EV
23122,32155,Renault,ZOE,Electric,Automatic,Used,7880,88.0,2015,EV
23234,2574,MINI,Cooper S,Electric,Automatic,Demonstration,27360,184.0,2021,EV
23241,500,Nissan,NV200,Electric,Automatic,Used,28490,109.0,2021,EV
23581,22551,smart,forFour,Electric,Automatic,Used,9850,82.0,2017,EV
23604,19800,Renault,ZOE,Electric,Automatic,Used,9990,58.0,2018,EV
23606,15538,smart,forTwo,Electric,Automatic,Used,11333,82.0,2018,EV
23660,1850,Renault,Twingo,Electric,Automatic,Demonstration,26330,42.0,2020,EV
23749,60000,Renault,ZOE,Electric,Automatic,Used,5799,58.0,2014,EV
23768,16165,Renault,Twizy,Electric,Automatic,Used,6590,11.0,2015,EV
23859,990,Nissan,Leaf,Electric,Automatic,Used,25480,150.0,2020,EV
23878,6500,Audi,e-tron,Electric,Automatic,Demonstration,103940,503.0,2021,EV
23954,40000,smart,forTwo,Electric,Automatic,Used,5550,48.0,2014,EV
23968,30000,Renault,ZOE,Electric,Automatic,Used,5995,92.0,2014,EV
24071,4700,smart,forFour,Electric,Automatic,Demonstration,13480,82.0,2019,EV
24073,14550,Volkswagen,Golf,Electric,Automatic,Used,23970,136.0,2020,EV
24082,350,Volkswagen,Golf,Electric,Automatic,Used,24870,136.0,2020,EV
24174,49000,Renault,ZOE,Electric,Automatic,Used,7555,58.0,2014,EV
24322,300,Opel,Corsa,Electric,Automatic,Demonstration,23540,136.0,2021,EV
24481,30369,Volkswagen,Golf,Electric,Automatic,Used,21899,136.0,2018,EV
24547,269,Mazda,MX-30,Electric,Manual,Demonstration,24290,110.0,2021,EV
24886,13650,BMW,i3,Electric,Automatic,Used,24500,184.0,2018,EV
24933,4800,Mazda,MX-30,Electric,Automatic,Demonstration,22550,145.0,2020,EV
24943,1500,Fiat,500,Electric,Automatic,Demonstration,30990,58.0,2021,EV
24951,5000,Opel,Mokka,Electric,Automatic,Demonstration,32495,136.0,2021,EV
25065,13200,Renault,Twizy,Electric,Automatic,Used,4900,11.0,2016,EV
25140,3666,Jaguar,I-Pace,Electric,Automatic,Demonstration,61500,400.0,2020,EV
25315,22525,smart,forFour,Electric,Automatic,Used,11333,82.0,2019,EV
25316,4440,smart,forFour,Electric,Automatic,Used,11980,82.0,2019,EV
25318,6742,smart,forTwo,Electric,Automatic,Used,12500,82.0,2019,EV
25319,11367,smart,forFour,Electric,Automatic,Used,12660,82.0,2019,EV
25320,5439,smart,forTwo,Electric,Automatic,Used,13480,82.0,2019,EV
25321,13945,smart,forTwo,Electric,Automatic,Used,13490,82.0,2019,EV
25350,2005,Opel,Mokka-E,Electric,Automatic,Demonstration,26880,136.0,2021,EV
25546,10,Nissan,E-NV200,Electric,Automatic,Used,28500,109.0,2020,EV
25774,1500,Skoda,Enyaq,Electric,Automatic,Demonstration,47890,204.0,2021,EV
25955,5500,smart,forTwo,Electric,Automatic,Used,18888,82.0,2019,EV
25994,300,Opel,Corsa,Electric,Automatic,Used,24940,136.0,2021,EV
26092,31654,Fiat,500,Electric,Automatic,Used,13750,113.0,2015,EV
26183,14081,Volkswagen,Golf,Electric,Automatic,Used,23969,136.0,2020,EV
26186,8150,Volkswagen,Golf,Electric,Automatic,Used,23990,136.0,2020,EV
26187,12490,Volkswagen,Golf,Electric,Automatic,Used,23990,136.0,2020,EV
26190,10,Renault,ZOE,Electric,Automatic,Pre-registered,24490,136.0,2020,EV
26205,2500,Opel,Corsa,Electric,Automatic,Used,25650,136.0,2021,EV
26209,10,Fiat,500,Electric,Automatic,Pre-registered,25989,118.0,2021,EV
26276,15750,Renault,Twizy,Electric,Automatic,Used,6990,11.0,2013,EV
26298,26592,Renault,ZOE,Electric,Automatic,Used,6880,92.0,2015,EV
26394,16980,BMW,i3,Electric,Automatic,Used,23900,184.0,2019,EV
26425,9000,Volkswagen,ID.4,Electric,Automatic,Used,52490,204.0,2021,EV
26538,25135,Nissan,E-NV200,Electric,Automatic,Used,16988,109.0,2016,EV
26638,10,Opel,Mokka,Electric,Automatic,Demonstration,34490,136.0,2021,EV
26644,5,Hyundai,Kona,Electric,Automatic,Pre-registered,37880,204.0,2021,EV
26894,18200,Renault,Twizy,Electric,Automatic,Used,4300,11.0,2012,EV
27028,100,Renault,ZOE,Electric,Automatic,Pre-registered,41195,69.0,2020,EV
27069,97000,Mitsubishi,I-MiEV,Electric,Automatic,Used,4997,48.0,2011,EV
27194,61000,Volkswagen,Golf,Electric,Automatic,Used,17890,136.0,2017,EV
27465,3000,smart,forTwo,Electric,Automatic,Demonstration,17480,82.0,2021,EV
27466,3000,smart,forTwo,Electric,Automatic,Demonstration,17480,82.0,2021,EV
27467,3000,smart,forTwo,Electric,Automatic,Demonstration,17480,82.0,2021,EV
27471,3000,smart,forTwo,Electric,Automatic,Demonstration,19890,56.0,2021,EV
27543,30694,Renault,Twizy,Electric,Automatic,Used,4190,11.0,2014,EV
27663,8779,SEAT,Mii,Electric,Automatic,Demonstration,17950,83.0,2020,EV
27685,2500,Opel,Corsa,Electric,Automatic,Used,25650,136.0,2021,EV
27686,15,Opel,Corsa,Electric,Automatic,Used,25990,136.0,2021,EV
27690,6000,Opel,Mokka,Electric,Automatic,Used,26550,136.0,2021,EV
27894,6000,Opel,Ampera,Electric,Automatic,Used,26950,204.0,2020,EV
27915,15,Nissan,Leaf,Electric,Automatic,Pre-registered,28490,218.0,2021,EV
27948,39923,Nissan,Leaf,Electric,Automatic,Used,7350,109.0,2013,EV
27998,49000,Renault,ZOE,Electric,Automatic,Used,7250,92.0,2016,EV
28004,52908,Renault,ZOE,Electric,Automatic,Used,7380,92.0,2016,EV
28053,13450,BMW,i3,Electric,Automatic,Used,24900,184.0,2019,EV
28058,632,Mercedes-Benz,Vito,Electric,Automatic,Used,31450,116.0,2019,EV
28090,9500,Volkswagen,ID.3,Electric,Automatic,Used,35990,204.0,2020,EV
28173,135000,Renault,ZOE,Electric,Automatic,Used,4880,58.0,2015,EV
28206,64002,Renault,ZOE,Electric,Automatic,Used,7770,88.0,2016,EV
28388,71100,Renault,ZOE,Electric,Automatic,Used,6975,88.0,2014,EV
28733,6500,Skoda,Enyaq,Electric,Automatic,Used,48900,204.0,2021,EV
28734,4800,Skoda,Enyaq,Electric,Automatic,Used,48999,204.0,2021,EV
28735,2850,Skoda,Enyaq,Electric,Automatic,Used,49222,204.0,2021,EV
28745,3000,Mercedes-Benz,EQC 400,Electric,Automatic,Demonstration,75880,408.0,2021,EV
29031,37652,Renault,ZOE,Electric,Automatic,Used,7495,92.0,2014,EV
29067,29700,Renault,ZOE,Electric,Automatic,Used,7495,92.0,2016,EV
29068,30650,Renault,ZOE,Electric,Automatic,Used,7495,92.0,2016,EV
29145,7000,Volkswagen,ID.3,Electric,Automatic,Employee's car,35980,204.0,2020,EV
29169,10,Nissan,Leaf,Electric,Automatic,Pre-registered,28989,218.0,2021,EV
29235,84000,Renault,ZOE,Electric,Automatic,Used,4500,58.0,2013,EV
29423,64200,Renault,ZOE,Electric,Automatic,Used,4400,88.0,2013,EV
29579,1500,Nissan,E-NV200,Electric,Automatic,Demonstration,29190,109.0,2021,EV
29591,3000,Opel,Mokka,Electric,Automatic,Used,31950,136.0,2021,EV
29592,1000,Opel,Mokka,Electric,Automatic,Used,31950,136.0,2021,EV
29666,21936,smart,forTwo,Electric,Automatic,Used,8790,48.0,2014,EV
29917,60254,Nissan,Leaf,Electric,Automatic,Used,11500,109.0,2016,EV
29993,1500,Nissan,Leaf,Electric,Automatic,Used,27990,218.0,2020,EV
30016,20,Toyota,Proace,Electric,Automatic,Pre-registered,57990,136.0,2021,EV
30093,59384,Renault,ZOE,Electric,Automatic,Used,6990,58.0,2014,EV
30123,52457,Renault,ZOE,Electric,Automatic,Used,7975,92.0,2015,EV
30242,150,Hyundai,Kona,Electric,Automatic,Demonstration,38490,204.0,2021,EV
30317,80000,Renault,ZOE,Electric,Automatic,Used,6088,88.0,2014,EV
30426,20109,Volkswagen,Golf,Electric,Automatic,Used,24850,136.0,2020,EV
30553,54000,Nissan,Leaf,Electric,Automatic,Used,8999,109.0,2015,EV
30574,78000,Citroen,C-Zero,Electric,Automatic,Used,8490,67.0,2016,EV
30665,3000,Audi,e-tron,Electric,Automatic,Demonstration,119000,476.0,2021,EV
30670,3500,Audi,e-tron,Electric,Automatic,Demonstration,154900,598.0,2021,EV
30755,70016,Mitsubishi,I-MiEV,Electric,Automatic,Used,7990,48.0,2014,EV
30820,17593,Renault,ZOE,Electric,Automatic,Used,7495,92.0,2017,EV
30865,7000,Volkswagen,ID.3,Electric,Automatic,Employee's car,39950,204.0,2020,EV
30986,75800,Tesla,Model S,Electric,Automatic,Used,46960,428.0,2016,EV
30987,67640,Tesla,Model S,Electric,Automatic,Used,47957,428.0,2016,EV
31085,3000,Opel,Mokka,Electric,Automatic,Used,31950,136.0,2021,EV
31094,2000,Opel,Mokka,Electric,Automatic,Used,32790,136.0,2021,EV
31095,5,Opel,Mokka,Electric,Automatic,Demonstration,32940,136.0,2021,EV
31275,50,Opel,Ampera,Electric,Automatic,Demonstration,29790,204.0,2020,EV
31291,9229,Volkswagen,ID.3,Electric,Automatic,Used,31923,204.0,2020,EV
31368,64479,Volkswagen,up!,Electric,Automatic,Used,8650,82.0,2013,EV
31386,59300,Volkswagen,up!,Electric,Automatic,Used,9160,82.0,2014,EV
31428,30400,Renault,ZOE,Electric,Automatic,Used,7999,88.0,2016,EV
31531,10,Renault,ZOE,Electric,Automatic,Used,14990,109.0,2021,EV
31649,50000,Renault,Twizy,Electric,Automatic,Used,3250,12.0,2016,EV
31931,100,Hyundai,Ioniq,Electric,Automatic,Demonstration,47990,218.0,2021,EV
32030,64185,Renault,ZOE,Electric,Automatic,Used,6688,88.0,2015,EV
32144,1260,Nissan,Leaf,Electric,Automatic,Demonstration,27900,150.0,2020,EV
32159,4000,Kia,Soul,Electric,Automatic,Demonstration,37935,204.0,2021,EV
32230,53500,Volkswagen,up!,Electric,Automatic,Used,8790,82.0,2014,EV
32244,23100,Nissan,Leaf,Electric,Automatic,Used,8980,109.0,2014,EV
32529,22900,smart,forFour,Electric,Automatic,Used,9840,56.0,2018,EV
32575,63000,Audi,e-tron,Electric,Automatic,Used,61880,360.0,2020,EV
32702,23500,Renault,ZOE,Electric,Automatic,Used,9999,58.0,2016,EV
32765,3412,Hyundai,Kona,Electric,Automatic,Used,25990,135.0,2019,EV
32795,900,Opel,Mokka,Electric,Automatic,Used,33540,136.0,2021,EV
32805,0,Hyundai,Ioniq,Electric,Automatic,Used,35790,136.0,2021,EV
32808,6,Hyundai,Kona,Electric,Automatic,Used,35990,136.0,2021,EV
32835,53923,Renault,Twizy,Electric,Automatic,Used,4260,11.0,2012,EV
32931,52427,Nissan,Leaf,Electric,Automatic,Used,12990,109.0,2017,EV
32933,33132,Nissan,Leaf,Electric,Automatic,Used,13490,109.0,2017,EV
32991,1500,DS,Automobiles DS 3 Crossback,Electric,Automatic,Demonstration,32190,136.0,2020,EV
33017,9999,Volkswagen,ID.4,Electric,Automatic,Demonstration,45555,204.0,2021,EV
33022,1000,Opel,Zafira Life,Electric,Automatic,Used,47650,136.0,2021,EV
33147,26056,Renault,ZOE,Electric,Automatic,Used,8580,92.0,2016,EV
33191,13245,Renault,ZOE,Electric,Automatic,Used,10780,88.0,2019,EV
33205,18425,smart,forTwo,Electric,Automatic,Used,10990,82.0,2019,EV
33235,10,Renault,ZOE,Electric,Automatic,Used,15900,109.0,2021,EV
33406,600,Hyundai,Ioniq,Electric,Manual,Pre-registered,33763,120.0,2020,EV
33728,46500,smart,forTwo,Electric,Automatic,Used,6990,48.0,2014,EV
33844,1000,Renault,ZOE,Electric,Automatic,Demonstration,29490,69.0,2020,EV
33925,18350,Fiat,Fiorino,Electric,Manual,Used,6770,41.0,2011,EV
34851,93968,Mitsubishi,I-MiEV,Electric,Automatic,Used,4990,48.0,2011,EV
35532,59000,Citroen,C-Zero,Electric,Automatic,Used,6990,48.0,2012,EV
35642,990,Renault,Twizy,Electric,Automatic,Used,4690,11.0,2012,EV
35879,58124,Nissan,Leaf,Electric,Automatic,Used,8490,109.0,2012,EV
35921,3397,Renault,Twizy,Electric,Automatic,Used,4800,11.0,2012,EV
36009,62000,smart,forTwo,Electric,Automatic,Used,6590,48.0,2012,EV
36497,34590,Nissan,Leaf,Electric,Automatic,Used,9890,109.0,2013,EV
36785,66000,Renault,ZOE,Electric,Automatic,Used,3300,88.0,2013,EV
36786,69610,Renault,ZOE,Electric,Automatic,Used,5490,58.0,2013,EV
36787,91700,Renault,ZOE,Electric,Automatic,Used,5750,88.0,2013,EV
37034,117000,Renault,ZOE,Electric,Automatic,Used,5650,88.0,2013,EV
37130,63000,smart,forTwo,Electric,Automatic,Used,6590,75.0,2013,EV
37152,83000,smart,forTwo,Electric,Automatic,Used,6450,75.0,2013,EV
37156,27000,smart,forTwo,Electric,Automatic,Used,6490,48.0,2013,EV
37166,47757,Renault,ZOE,Electric,Automatic,Used,6990,92.0,2013,EV
37380,80000,Renault,ZOE,Electric,Automatic,Used,6088,88.0,2014,EV
37549,29798,Renault,ZOE,Electric,Automatic,Used,6999,58.0,2014,EV
37582,33900,smart,forTwo,Electric,Automatic,Used,9599,48.0,2014,EV
37859,1200,Aixam,City,Electric,Automatic,Used,8500,5.0,2014,EV
37890,102700,Renault,ZOE,Electric,Automatic,Used,5280,88.0,2014,EV
37922,16300,Volkswagen,up!,Electric,Automatic,Used,10925,82.0,2014,EV
37972,15200,smart,forTwo,Electric,Automatic,Used,8790,48.0,2014,EV
38022,39600,Volkswagen,Golf,Electric,Automatic,Used,15479,116.0,2014,EV
38031,44000,BMW,i3,Electric,Automatic,Used,16999,102.0,2014,EV
38035,94500,Tesla,Model S,Electric,Automatic,Used,55990,700.0,2014,EV
38065,69900,Renault,ZOE,Electric,Automatic,Used,4990,58.0,2014,EV
38068,33969,BMW,i3,Electric,Automatic,Used,17900,170.0,2014,EV
38090,55000,smart,forTwo,Electric,Automatic,Used,4950,75.0,2014,EV
38102,32124,smart,forTwo,Electric,Automatic,Used,5990,48.0,2014,EV
38166,55356,Renault,ZOE,Electric,Automatic,Used,6990,88.0,2014,EV
38579,64185,Renault,ZOE,Electric,Automatic,Used,6688,88.0,2015,EV
38610,13101,Renault,ZOE,Electric,Automatic,Used,8990,58.0,2015,EV
38855,21750,Renault,ZOE,Electric,Automatic,Used,7980,58.0,2015,EV
38864,37985,Renault,ZOE,Electric,Automatic,Used,7988,92.0,2015,EV
38936,30390,Nissan,Leaf,Electric,Automatic,Used,10890,109.0,2015,EV
38938,14490,Nissan,Leaf,Electric,Automatic,Used,10890,109.0,2015,EV
39007,35500,Volkswagen,up!,Electric,Automatic,Demonstration,13850,82.0,2015,EV
39051,82400,Nissan,E-NV200,Electric,Automatic,Used,10990,109.0,2015,EV
39120,44900,BMW,i3,Electric,Automatic,Used,14400,170.0,2015,EV
39216,61000,Renault,ZOE,Electric,Automatic,Used,6099,58.0,2015,EV
39222,37407,Renault,ZOE,Electric,Automatic,Used,6470,58.0,2015,EV
39348,34490,smart,forTwo,Electric,Automatic,Used,6490,75.0,2015,EV
39393,26800,Renault,ZOE,Electric,Automatic,Used,6990,92.0,2015,EV
39452,37092,Renault,ZOE,Electric,Automatic,Used,7290,58.0,2015,EV
39481,16000,Volkswagen,Golf,Electric,Automatic,Used,15480,116.0,2015,EV
39626,30000,Renault,ZOE,Electric,Automatic,Used,7999,58.0,2016,EV
39632,37000,Renault,ZOE,Electric,Automatic,Used,7999,58.0,2016,EV
39688,35270,Renault,ZOE,Electric,Automatic,Used,8490,58.0,2016,EV
39689,95230,Renault,Kangoo,Electric,Automatic,Used,8490,60.0,2016,EV
39752,12910,Renault,ZOE,Electric,Automatic,Used,8880,88.0,2016,EV
39861,26000,Renault,ZOE,Electric,Automatic,Used,9233,58.0,2016,EV
40096,58390,Renault,ZOE,Electric,Automatic,Used,6888,92.0,2016,EV
40126,36400,Renault,ZOE,Electric,Automatic,Used,6580,58.0,2016,EV
40127,52711,Renault,ZOE,Electric,Automatic,Used,6890,58.0,2016,EV
40128,61500,Renault,ZOE,Electric,Automatic,Used,6970,88.0,2016,EV
40131,45500,Renault,ZOE,Electric,Automatic,Used,7090,88.0,2016,EV
40132,44147,Renault,ZOE,Electric,Automatic,Used,7990,58.0,2016,EV
40140,30400,Renault,Kangoo Z.E.,Electric,Automatic,Used,9790,60.0,2016,EV
40151,48214,Renault,ZOE,Electric,Automatic,Used,7990,58.0,2016,EV
40155,27495,Renault,ZOE,Electric,Automatic,Used,8489,58.0,2016,EV
40157,57683,Renault,ZOE,Electric,Automatic,Used,8590,58.0,2016,EV
40162,28965,Renault,ZOE,Electric,Automatic,Used,8990,58.0,2016,EV
40165,25298,Renault,ZOE,Electric,Automatic,Used,6990,58.0,2016,EV
40245,35500,Renault,Kangoo Z.E.,Electric,Automatic,Used,11650,60.0,2016,EV
40404,63205,Tesla,Model X,Electric,Automatic,Used,99999,772.0,2016,EV
40494,47000,Renault,Twizy,Electric,Automatic,Used,4700,11.0,2016,EV
40512,37500,Renault,ZOE,Electric,Automatic,Used,7860,58.0,2016,EV
40636,53500,Renault,ZOE,Electric,Automatic,Used,7240,88.0,2016,EV
40646,38668,Renault,ZOE,Electric,Automatic,Used,7490,58.0,2016,EV
40772,11700,Peugeot,iOn,Electric,Automatic,Used,8490,48.0,2017,EV
40836,14004,smart,forTwo,Electric,Automatic,Used,8990,82.0,2017,EV
41166,12800,smart,forTwo,Electric,Automatic,Used,8900,82.0,2017,EV
41268,28300,Renault,ZOE,Electric,Automatic,Used,8990,58.0,2017,EV
41269,13500,Renault,ZOE,Electric,Automatic,Used,8990,88.0,2017,EV
41273,40750,Renault,ZOE,Electric,Automatic,Used,10447,92.0,2017,EV
41276,10900,Renault,ZOE,Electric,Automatic,Used,10950,92.0,2017,EV
41301,9304,Renault,Twizy,Electric,Automatic,Used,4990,11.0,2017,EV
41305,65726,Renault,ZOE,Electric,Automatic,Used,8390,58.0,2017,EV
41307,49040,Renault,ZOE,Electric,Automatic,Used,9981,58.0,2017,EV
41423,23220,Renault,ZOE,Electric,Automatic,Used,12590,58.0,2017,EV
41545,10200,Kia,Soul,Electric,Automatic,Used,21860,110.0,2017,EV
41584,30415,smart,forTwo,Electric,Automatic,Used,14290,82.0,2017,EV
41665,36000,Tesla,Model X,Electric,Automatic,Used,62900,333.0,2017,EV
41735,32138,Hyundai,Ioniq,Electric,Manual,Used,18490,120.0,2017,EV
41755,41946,Tesla,Model S,Electric,Automatic,Used,99999,532.0,2017,EV
41785,43000,BMW,i3,Electric,Automatic,Used,19310,170.0,2017,EV
41786,20990,Volkswagen,Golf,Electric,Automatic,Used,19430,136.0,2017,EV
41971,20359,smart,forTwo,Electric,Automatic,Used,9990,82.0,2018,EV
42027,27264,Renault,ZOE,Electric,Automatic,Used,10490,58.0,2018,EV
42030,62000,Renault,ZOE,Electric,Automatic,Used,10699,92.0,2018,EV
42053,25900,Nissan,Leaf,Electric,Automatic,Used,22890,150.0,2018,EV
42146,20000,Renault,ZOE,Electric,Automatic,Used,11890,58.0,2018,EV
42202,50000,Renault,ZOE,Electric,Automatic,Used,12470,58.0,2018,EV
42392,161000,Renault,ZOE,Electric,Automatic,Used,6950,92.0,2018,EV
42400,37000,Renault,ZOE,Electric,Automatic,Used,10470,58.0,2018,EV
42404,12600,Renault,ZOE,Electric,Automatic,Used,11290,58.0,2018,EV
42408,25000,Renault,ZOE,Electric,Automatic,Used,12270,92.0,2018,EV
42434,16360,Renault,ZOE,Electric,Automatic,Used,9490,58.0,2018,EV
42511,46200,Renault,ZOE,Electric,Automatic,Used,12900,58.0,2018,EV
42536,13842,Renault,ZOE,Electric,Automatic,Used,11890,58.0,2018,EV
42593,10114,Renault,ZOE,Electric,Automatic,Used,13890,72.0,2018,EV
42604,18415,smart,forTwo,Electric,Automatic,Used,14870,82.0,2018,EV
42626,19400,Nissan,Leaf,Electric,Automatic,Used,19955,122.0,2018,EV
42914,11990,Opel,Ampera,Electric,Automatic,Used,25899,204.0,2018,EV
42922,14485,Jaguar,I-Pace,Electric,Automatic,Used,69998,400.0,2018,EV
42998,1817,MINI,Cooper SE,Electric,Manual,Used,27790,102.0,2019,EV
43167,17914,smart,forFour,Electric,Automatic,Used,11590,82.0,2019,EV
43218,26929,Renault,ZOE,Electric,Automatic,Used,11990,72.0,2019,EV
43220,32430,Renault,ZOE,Electric,Automatic,Used,11990,72.0,2019,EV
43236,7400,Nissan,E-NV200,Electric,Automatic,Used,36450,109.0,2019,EV
43269,7296,smart,forFour,Electric,Automatic,Used,12290,82.0,2019,EV
43285,250,Estrima,Birò,Electric,Automatic,Used,12590,5.0,2019,EV
43330,17061,smart,forTwo,Electric,Automatic,Used,12678,56.0,2019,EV
43403,8206,smart,forTwo,Electric,Automatic,Used,13390,82.0,2019,EV
43444,200,Estrima,Birò,Electric,Automatic,Used,13590,5.0,2019,EV
43457,3155,smart,forTwo,Electric,Automatic,Used,13970,82.0,2019,EV
43524,23874,Renault,ZOE,Electric,Automatic,Used,10990,72.0,2019,EV
43526,25700,Renault,ZOE,Electric,Automatic,Used,11978,109.0,2019,EV
43528,20500,Renault,ZOE,Electric,Automatic,Used,12150,92.0,2019,EV
43531,24900,Renault,ZOE,Electric,Automatic,Used,12970,109.0,2019,EV
43532,18833,Renault,ZOE,Electric,Automatic,Used,12990,72.0,2019,EV
43534,3900,Renault,ZOE,Electric,Automatic,Used,13450,109.0,2019,EV
43535,11500,Renault,Kangoo Z.E.,Electric,Automatic,Used,13890,60.0,2019,EV
43537,15900,Renault,ZOE,Electric,Automatic,Demonstration,14380,69.0,2019,EV
43568,9410,Renault,ZOE,Electric,Automatic,Used,11389,58.0,2019,EV
43624,7985,smart,forTwo,Electric,Automatic,Used,14498,56.0,2019,EV
43668,18309,Renault,ZOE,Electric,Automatic,Used,13990,72.0,2019,EV
43669,14915,Renault,ZOE,Electric,Automatic,Used,13990,72.0,2019,EV
43685,15588,Renault,ZOE,Electric,Automatic,Used,17791,58.0,2019,EV
43723,7000,smart,forTwo,Electric,Automatic,Used,15500,82.0,2019,EV
43737,9885,Renault,ZOE,Electric,Automatic,Used,16990,72.0,2019,EV
43749,10746,BMW,i3,Electric,Automatic,Used,25980,102.0,2019,EV
43765,12300,Nissan,Leaf,Electric,Automatic,Used,19980,136.0,2019,EV
43778,14358,Renault,ZOE,Electric,Automatic,Used,16990,72.0,2019,EV
43779,13429,Renault,ZOE,Electric,Automatic,Used,16990,72.0,2019,EV
43781,14512,Renault,ZOE,Electric,Automatic,Used,17489,72.0,2019,EV
43782,12728,Renault,ZOE,Electric,Automatic,Used,17489,72.0,2019,EV
43787,14502,Renault,ZOE,Electric,Automatic,Used,17990,72.0,2019,EV
43829,6286,BMW,i3,Electric,Automatic,Used,24441,170.0,2019,EV
43841,6410,Volkswagen,Golf,Electric,Automatic,Used,20740,136.0,2019,EV
44023,7450,Nissan,Leaf,Electric,Automatic,Used,23970,150.0,2019,EV
44028,20964,Tesla,Model 3,Electric,Automatic,Used,62990,487.0,2019,EV
44071,11752,Audi,e-tron,Electric,Automatic,Used,71970,360.0,2019,EV
44118,19000,Hyundai,Ioniq,Electric,Automatic,Demonstration,21995,120.0,2020,EV
44123,850,Opel,Corsa,Electric,Automatic,Demonstration,22650,136.0,2020,EV
44170,9990,Hyundai,Ioniq,Electric,Automatic,Demonstration,22995,120.0,2020,EV
44172,5400,Renault,ZOE,Electric,Automatic,Demonstration,23280,69.0,2020,EV
44210,1000,Volkswagen,ID.3,Electric,Automatic,Used,42380,204.0,2020,EV
44236,6231,Volkswagen,Golf,Electric,Automatic,Employee's car,25525,136.0,2020,EV
44315,9900,Porsche,Taycan,Electric,Automatic,Demonstration,114500,571.0,2020,EV
44328,1000,Polestar,2,Electric,Automatic,Used,64320,408.0,2020,EV
44396,2000,smart,forFour,Electric,Automatic,Employee's car,12990,82.0,2020,EV
44418,3314,Honda,e,Electric,Automatic,Demonstration,29000,154.0,2020,EV
44423,3000,Mazda,MX-30,Electric,Automatic,Demonstration,23450,145.0,2020,EV
44477,4066,Volkswagen,Golf,Electric,Automatic,Used,29990,136.0,2020,EV
44491,3500,Skoda,Citigo,Electric,Automatic,Used,23882,83.0,2020,EV
44506,13200,BMW,i3,Electric,Automatic,Used,29850,170.0,2020,EV
44509,3195,MINI,Cooper SE,Electric,Automatic,Used,31850,184.0,2020,EV
44539,4255,Audi,e-tron,Electric,Automatic,Demonstration,69990,408.0,2020,EV
44679,250,Renault,ZOE,Electric,Automatic,Demonstration,10880,58.0,2020,EV
44698,100,Renault,ZOE,Electric,Automatic,Pre-registered,9880,72.0,2020,EV
44716,2727,Renault,Twingo,Electric,Automatic,Demonstration,11780,42.0,2020,EV
44725,1001,Renault,Twingo,Electric,Automatic,Demonstration,11080,82.0,2020,EV
44797,2000,Renault,ZOE,Electric,Automatic,Used,16670,109.0,2020,EV
44820,8100,Renault,ZOE,Electric,Automatic,Demonstration,13880,69.0,2020,EV
44826,8828,Renault,ZOE,Electric,Automatic,Used,14990,69.0,2020,EV
44827,11637,Renault,ZOE,Electric,Automatic,Used,14990,69.0,2020,EV
44834,1001,Renault,Kangoo,Electric,Automatic,Demonstration,15580,60.0,2020,EV
44868,16018,Renault,ZOE,Electric,Automatic,Used,14990,69.0,2020,EV
44869,11518,Renault,ZOE,Electric,Automatic,Used,14990,69.0,2020,EV
44910,999,Renault,ZOE,Electric,Automatic,Demonstration,22570,136.0,2020,EV
44915,999,Renault,ZOE,Electric,Automatic,Demonstration,23470,136.0,2020,EV
44916,999,Renault,ZOE,Electric,Automatic,Demonstration,23470,136.0,2020,EV
44920,3250,Mazda,MX-30,Electric,Automatic,Used,23890,110.0,2020,EV
44924,7,Mazda,MX-30,Electric,Automatic,Used,23990,110.0,2020,EV
44946,3000,smart,forFour,Electric,Automatic,Demonstration,17390,82.0,2020,EV
44976,999,Renault,ZOE,Electric,Automatic,Demonstration,24970,136.0,2020,EV
45028,2500,Renault,ZOE,Electric,Automatic,Demonstration,26250,136.0,2020,EV
45033,7500,Renault,ZOE,Electric,Automatic,Demonstration,26710,136.0,2020,EV
45040,999,Renault,ZOE,Electric,Automatic,Demonstration,27410,136.0,2020,EV
45041,7500,Renault,ZOE,Electric,Automatic,Demonstration,27410,136.0,2020,EV
45042,999,Renault,ZOE,Electric,Automatic,Demonstration,27410,150.0,2020,EV
45046,999,Renault,ZOE,Electric,Automatic,Demonstration,27490,69.0,2020,EV
45054,1001,Renault,ZOE,Electric,Automatic,Demonstration,21980,135.0,2020,EV
45093,2908,smart,forFour,Electric,Automatic,Employee's car,18800,82.0,2020,EV
45152,3509,smart,forTwo,Electric,Automatic,Employee's car,19980,82.0,2020,EV
45251,2000,Mazda,MX-30,Electric,Automatic,Demonstration,24980,145.0,2021,EV
45260,50,Nissan,Leaf,Electric,Automatic,Demonstration,29197,218.0,2021,EV
45278,5,Hyundai,Kona Elektro,Electric,Automatic,Demonstration,35290,204.0,2021,EV
45279,10,Citroen,C4,Electric,Automatic,Used,35450,136.0,2021,EV
45303,500,Opel,Mokka-E,Electric,Automatic,Demonstration,33490,77.0,2021,EV
45316,9900,Porsche,Taycan,Electric,Automatic,Demonstration,117900,381.0,2021,EV
45330,9000,Skoda,Enyaq,Electric,Automatic,Demonstration,36790,179.0,2021,EV
45447,10,Citroen,Spacetourer,Electric,Automatic,Used,43440,136.0,2021,EV
45455,1999,Peugeot,Traveller,Electric,Automatic,Used,44890,136.0,2021,EV
45562,10,Citroen,Spacetourer,Electric,Automatic,Used,55440,136.0,2021,EV
45621,6000,Volvo,XC40,Electric,Automatic,Demonstration,69285,408.0,2021,EV
45676,3000,Mercedes-Benz,EQV 300,Electric,Automatic,Demonstration,83870,204.0,2021,EV
45684,3000,Porsche,Taycan,Electric,Automatic,Demonstration,100990,381.0,2021,EV
45685,6010,Porsche,Taycan,Electric,Automatic,Demonstration,107800,381.0,2021,EV
45687,3000,Porsche,Taycan,Electric,Automatic,Demonstration,108990,381.0,2021,EV
45689,6010,Porsche,Taycan,Electric,Automatic,Demonstration,114800,381.0,2021,EV
45692,6010,Porsche,Taycan,Electric,Automatic,Demonstration,116800,381.0,2021,EV
45704,1000,Renault,Twingo,Electric,Automatic,Demonstration,16990,82.0,2021,EV
45738,3500,Porsche,Taycan,Electric,Automatic,Demonstration,134500,489.0,2021,EV
45742,3000,Porsche,Taycan,Electric,Automatic,Demonstration,137990,489.0,2021,EV
45743,9900,Porsche,Taycan,Electric,Automatic,Demonstration,141990,489.0,2021,EV
45744,6010,Porsche,Taycan,Electric,Automatic,Demonstration,147900,625.0,2021,EV
45746,1990,Porsche,Taycan,Electric,Automatic,Demonstration,175990,625.0,2021,EV
45929,2250,BMW,i3,Electric,Automatic,Demonstration,43090,102.0,2021,EV
46019,99,Renault,ZOE,Electric,Automatic,Pre-registered,21780,136.0,2021,EV
46028,3,Peugeot,208,Electric,Automatic,Demonstration,23680,136.0,2021,EV
46050,10,Opel,Corsa,Electric,Automatic,Used,22850,136.0,2021,EV
46055,1001,Renault,ZOE,Electric,Automatic,Demonstration,25637,107.0,2021,EV
46093,5,Hyundai,Kona Elektro,Electric,Automatic,Pre-registered,23590,136.0,2021,EV
46103,5,Hyundai,Kona Elektro,Electric,Automatic,Employee's car,23990,136.0,2021,EV
46104,5,Hyundai,Kona,Electric,Automatic,Demonstration,23990,136.0,2021,EV
46105,5,Hyundai,Kona,Electric,Automatic,Demonstration,23990,136.0,2021,EV
46127,35,Kia,e-Niro,Electric,Automatic,Pre-registered,37480,204.0,2021,EV
46139,100,Renault,ZOE,Electric,Automatic,Pre-registered,28800,69.0,2021,EV
46242,1000,Polestar,2,Electric,Automatic,Used,59980,408.0,2021,EV
46244,4000,Polestar,2,Electric,Automatic,Used,67350,408.0,2021,EV
46262,300,Citroen,C4,Electric,Automatic,Demonstration,28540,136.0,2021,EV
46263,5,Hyundai,Ioniq,Electric,Automatic,Demonstration,28690,136.0,2021,EV
46266,10,Opel,Corsa,Electric,Automatic,Used,28850,136.0,2021,EV
46269,9900,Porsche,Taycan,Electric,Automatic,Demonstration,109500,476.0,2021,EV
46270,12900,Porsche,Taycan,Electric,Automatic,Used,109900,476.0,2021,EV
46271,9900,Porsche,Taycan,Electric,Automatic,Demonstration,109900,476.0,2021,EV
46272,9999,Audi,e-tron,Electric,Automatic,Used,109937,476.0,2021,EV
46273,9900,Porsche,Taycan,Electric,Automatic,Demonstration,129500,571.0,2021,EV
46274,12900,Porsche,Taycan,Electric,Automatic,Used,129900,571.0,2021,EV
46312,10,Opel,Corsa,Electric,Automatic,Used,29440,136.0,2021,EV
46313,2000,Hyundai,Ioniq,Electric,Manual,Demonstration,29490,136.0,2021,EV
